Type,Date,Remarks
FOMC,1/30/2018,
FOMC,3/20/2018,
FOMC,5/1/2018,
FOMC,6/12/2018,
FOMC,9/19/2017,
FOMC,10/31/2017,
FOMC,12/12/2017,
FOMC,10/24/2012,
FOMC,12/12/2012,
FOMC,1/30/2013,
FOMC,3/20/2013,
FOMC,5/1/2013,
FOMC,6/19/2013,
FOMC,7/31/2013,
FOMC,9/18/2013,
FOMC,10/30/2013,
FOMC,12/18/2013,
FOMC,3/19/2014,
FOMC,4/30/2014,
FOMC,6/18/2014,
FOMC,7/30/2014,
FOMC,9/17/2014,
FOMC,10/29/2014,
FOMC,12/17/2014,
FOMC,1/28/2015,
FOMC,3/18/2015,
FOMC,6/17/2015,
FOMC,7/29/2015,
FOMC,9/17/2015,
FOMC,10/28/2015,
FOMC,12/16/2015,
FOMC,1/27/2016,
FOMC,3/16/2016,
FOMC,4/27/2016,
FOMC,6/15/2016,
FOMC,7/27/2016,
FOMC,9/21/2016,
FOMC,11/2/2016,
FOMC,12/14/2016,
FOMC,1/31/2017,
FOMC,3/14/2017,
FOMC,5/2/2017,
FOMC,6/13/2017,
FOMC,7/25/2017,
Xtreme,7/22/2015,PlaceHolder
Earnings,4/25/2018,
Earnings,1/24/2018,
Earnings,7/26/2017,
Earnings,4/26/2017,
Earnings,1/27/2017,
Earnings,10/26/2016,
Earnings,7/27/2016,
Earnings,4/27/2016,
Earnings,1/27/2016,
Earnings,10/28/2015,
Earnings,7/29/2015,
Earnings,4/29/2015,
Earnings,1/28/2015,
Earnings,10/22/2014,
Earnings,7/23/2014,
Earnings,4/23/2014,
Earnings,1/22/2014,
Earnings,10/23/2013,
Earnings,7/24/2013,
Earnings,4/24/2013,
Earnings,1/23/2013,
Earnings,10/24/2012,
Earnings,7/25/2012,
Earnings,4/25/2012,
Earnings,1/25/2012,
Earnings,10/26/2011,
Earnings,7/27/2011,
Earnings,4/27/2011,
Earnings,1/26/2011,
Earnings,10/27/2010,
Earnings,7/28/2010,
Earnings,4/28/2010,
Earnings,1/27/2010,
